HUB,dest.id,dest.name,dest.country,stop.name,stop.country,cfg.y,cfg.j,cfg.f,tkt.y,tkt.j,tkt.f,hours_per_trip,profit_per_day
LIM,3573,Trat,Thailand,Assiut,Egypt,322,139,0,8961,17837,26643,12.0,9131686.964462535
PEK,2884,Viedma / Carmen de Patagones,Argentina,Cocos (Keeling) Islands,Cocos (Keeling) Islands,392,104,0,8950,17814,26608,12.0,9125593.101515438
SIN,3067,Tarapoa,Ecuador,Poplar River,Canada,387,106,0,8929,17773,26549,12.0,9085795.371749781
PEK,2894,Bahia Blanca,Argentina,London Gatwick,United Kingdom,262,169,0,8910,17736,26494,12.0,9072080.547261426
SIN,3077,Puerto Asís,Colombia,Norway House,Canada,396,102,0,8897,17711,26457,12.0,9069360.005300522
LIM,3461,Phnom Penh,Cambodia,Fare,French Polynesia,328,136,0,8895,17706,26449,12.0,9061431.640283212
HKG,2874,Orán,Argentina,Newcastle,South Africa,208,196,0,8902,17720,26470,12.0,9058977.93197583
LIM,3575,Rayong,Thailand,Timbuktu,Mali,243,93,57,8896,17708,26453,12.0,9043138.584597724
SIN,3055,Coca,Ecuador,Tijuana,Mexico,205,138,39,8926,17768,26542,12.0,9042201.437076816
SIN,3060,Macas,Ecuador,Maré,New Caledonia,380,71,26,8878,17673,26401,12.0,9042035.442948533
HKG,2873,San Salvador de Jujuy,Argentina,Denham,Australia,233,176,5,8880,17677,26407,12.0,9035682.486373674
LIM,3624,Phu Quoc Island,Vietnam,Port Lincoln,Australia,406,96,0,8886,17689,26425,12.0,9024660.098356783
LIM,3574, Bangkok Suvarnabhumi,Thailand,Bursa,Turkey,503,48,0,8861,17639,26352,12.0,9022604.187044317
ICN,2905,Villa Gesell,Argentina,Kailua/Kona,United States,336,129,2,8855,17629,26336,12.0,9019202.002490468
SIN,3064,Quito,Ecuador,Kekaha,United States,234,183,0,8862,17641,26354,12.0,9018368.174796725
LIM,3606,Buri Ram,Thailand,Fort Severn,Canada,586,7,0,8833,17585,26272,12.0,9016005.781155044
SIN,3098,Ipiales,Colombia,Page,United States,260,170,0,8856,17629,26337,12.0,9014078.315986276
PEK,2896,Tres Arroyos,Argentina,Kavala,Greece,350,125,0,8848,17614,26314,12.0,9013067.086935328
SIN,3167,Iquitos,Perú,Port Elizabeth,South Africa,448,76,0,8813,17546,26215,12.0,9012115.057816975
LIM,3583,Hua Hin,Thailand,Tamale,Ghana,360,105,10,8848,17614,26314,12.0,9011776.80284423
HKG,2872,Salta,Argentina,Denham,Australia,375,79,22,8864,17645,26360,12.0,9010383.205441557
LIM,3603,Surin,Thailand,Peoria,United States,292,154,0,8849,17616,26317,12.0,9009442.853074964
HKG,3026,Calama,Chile,Majuro Atoll,Marshall Islands,161,170,33,8863,17644,26359,12.0,9006869.443255397
SIN,3114,Pasto,Colombia,Grande Prairie,Canada,525,37,0,8843,17604,26300,12.0,9005119.070270205
LIM,3596,Na Thon (Ko Samui Island),Thailand,Port Mathurin,Mauritius,396,102,0,8809,17538,26203,12.0,9003853.243103456
SIN,3113,Popayán,Colombia,Kasabonika,Canada,478,61,0,8803,17525,26184,12.0,9003842.926335892
LIM,3607,Nakhon Ratchasima,Thailand,Goose Bay,Canada,475,62,0,8845,17609,26307,12.0,9003278.8410883
SIN,3054,Ambato,Ecuador,Banana,Kiribati,293,78,50,8865,17648,26365,12.0,8999330.326022582
LIM,3571,Bangkok Int,Thailand,Alghero,Italy,345,127,0,8848,17615,26316,12.0,8996083.638062969
LIM,3584,Nakhon Sawan,Thailand,Exeter,United Kingdom,536,32,0,8790,17500,26147,12.0,8994523.315143757
SIN,3093,Florencia,Colombia,Charlo,Canada,356,114,5,8846,17610,26308,12.0,8993595.514853545
ICN,2897,Santa Teresita,Argentina,Hana,United States,274,101,41,8859,17636,26347,12.0,8993075.825455833
PEK,2899,Neuquen,Argentina,Hana,United States,316,142,0,8804,17528,26187,12.0,8992205.704278616
PEK,2900,Necochea,Argentina,Beirut,Lebanon,365,110,5,8800,17521,26177,12.0,8990921.763328634
LIM,3591,Chumphon,Thailand,Moheli,Comoros,413,93,0,8810,17540,26206,12.0,8989597.631651524
SIN,3068,Tulcán,Ecuador,Lovelock,United States,145,212,10,8857,17631,26340,12.0,8986837.914254012
HKG,3024,Tocopilla,Chile,Banana,Kiribati,295,73,53,8811,17541,26207,12.0,8986837.043033706
LIM,3613,Ca Mau City,Vietnam,Broken Hill,Australia,313,143,0,8814,17547,26216,12.0,8985789.904370423
LIM,3627,Ho Chi Minh City,Vietnam,Hoskins,Papua New Guinea,453,73,0,8801,17522,26180,12.0,8983099.723646669
HKG,3137,Potosí,Bolivia,Miquelon,Saint Pierre and Miquelon,254,63,73,8855,17628,26335,12.0,8980598.920234924
ICN,2898,Mar del Plata,Argentina,Puka Puka,French Polynesia,325,137,0,8834,17586,26274,12.0,8979232.370311353
SIN,3123,San Vicente Del Caguán,Colombia,St. John's,Canada,285,157,0,8809,17538,26203,12.0,8978398.105679056
PEK,2902,Santa Rosa,Argentina,Richmond,United States,539,30,0,8817,17554,26226,12.0,8978364.733797915
LIM,3616,Can Tho,Vietnam,Burnt Pine,Norfolk Island,220,184,4,8826,17570,26250,12.0,8978017.209726896
HKG,3030,Iquique,Chile,Lihue,United States,398,68,22,8785,17491,26134,12.0,8973821.378739772
LIM,3625,Rach Gia,Vietnam,Wanganui,New Zealand,230,126,39,8843,17605,26301,12.0,8973288.35449045
SIN,3057,Guayaquil,Ecuador,Honiara,Solomon Islands,220,142,32,8797,17515,26169,12.0,8970831.94597691
LIM,3608,Ubon Ratchathani,Thailand,Tacoma,United States,460,48,14,8807,17534,26197,12.0,8970543.870463941
PEK,2895,General Pico,Argentina,Arecibo,Puerto Rico,420,90,0,8776,17473,26107,12.0,8970396.754940215
SYD,2013,Vila do Porto,Portugal,Ulyanovsk Baratayevka,Russia,307,139,5,8784,17488,26129,12.0,8968957.649018688
SIN,3112,Pitalito,Colombia,Matagami,Canada,277,101,40,8834,17587,26275,12.0,8967263.355272388
PEK,2885,Puerto Madryn,Argentina,Cloncurry,Australia,314,82,40,8846,17611,26310,12.0,8966289.152369851
LIM,3609,Roi Et,Thailand,Peoria,United States,293,110,29,8786,17493,26137,12.0,8965355.629528258
ICN,2904,Tandil,Argentina,Nuku Hiva,French Polynesia,426,87,0,8770,17461,26089,12.0,8964278.91994841
SIN,3096,Guapi,Colombia,Havre,United States,328,127,6,8778,17477,26113,12.0,8964160.188239487
PEK,2883,Rawson,Argentina,Morwell,Australia,227,186,0,8824,17566,26244,12.0,8960539.902499221
SIN,3087,Tumaco,Colombia,Bishop,United States,347,126,0,8786,17493,26136,12.0,8958822.96889409
LIM,3572,Nakhon Pathom,Thailand,Denizli,Turkey,281,159,0,8817,17553,26225,12.0,8957677.369653715
ICN,2900,Necochea,Argentina,Anaa,French Polynesia,363,118,0,8782,17485,26124,12.0,8955793.846882815
SIN,3164,Yurimaguas,Perú,Puerto Natales,Chile,391,64,27,8769,17459,26086,12.0,8955093.638025176
LIM,3604,Khon Kaen,Thailand,Gatineau,Canada,324,96,28,8774,17468,26100,12.0,8954888.869176337
HKG,3033,Antofagasta,Chile,Yaren District,Nauru,196,112,60,8787,17494,26138,12.0,8952166.432488365
SIN,3107,Neiva,Colombia,Abakan,Russia,243,126,35,8778,17477,26112,12.0,8951602.256911473
SYD,2024,Ponta Delgada,Portugal,Xiamen,China,288,156,0,8768,17457,26083,12.0,8951502.965679007
ICN,3181,Montevideo,Uruguay,San Pedro Sula,Honduras,236,169,8,8829,17578,26261,12.0,8948879.765793964
ICN,2848,La Plata,Argentina,Ciudad Constitución,Mexico,283,158,0,8781,17482,26120,12.0,8948113.803962475
LIM,3592,Nakhon Si Thammarat,Thailand,Port Mathurin,Mauritius,288,120,24,8770,17460,26088,12.0,8948040.029148065
LIM,3589,Surat Thani,Thailand,Port Mathurin,Mauritius,305,137,7,8762,17445,26066,12.0,8944946.495696407
PEK,2901,Pehuajó,Argentina,Ísafjörður,Iceland,263,168,0,8775,17472,26105,12.0,8940746.875051571
LIM,3582,Phetchabun,Thailand,Ísafjörður,Iceland,390,105,0,8750,17421,26031,12.0,8940090.830010697
ICN,2849,El Palomar,Argentina,Ciudad Constitución,Mexico,418,91,0,8747,17416,26023,12.0,8939071.804798793
SIN,3086,Cali,Colombia,Repulse Bay,Canada,320,140,0,8751,17424,26035,12.0,8935949.83040182
SIN,3156,Rioja,Perú,Puerto Natales,Chile,292,154,0,8754,17429,26042,12.0,8935610.796430916
PEK,2904,Tandil,Argentina,Ziguinchor,Senegal,215,138,36,8779,17479,26116,12.0,8933687.255628403
SIN,3157,Jaén,Perú,Hobart,Australia,391,100,3,8743,17409,26013,12.0,8932326.880689941
LIM,3615,Con Dao,Vietnam,Roma,Australia,497,51,0,8749,17421,26030,12.0,8930917.68526118
ICN,2850,Buenos Aires Int,Argentina,Ciudad Constitución,Mexico,417,91,0,8755,17432,26047,12.0,8930884.272930793
PEK,2906,Cutral-Co,Argentina,Kekaha,United States,370,59,37,8763,17448,26070,12.0,8928610.287546225
SYD,2025,Pico Island,Portugal,Khonuu,Russia,343,53,50,8765,17452,26075,12.0,8925990.335305192
SIN,3059,Macará,Ecuador,Whangarei,New Zealand,220,190,0,8748,17419,26027,12.0,8925339.115873186
SIN,3066,Salinas,Ecuador,Hiva Oa Island,French Polynesia,278,161,0,8744,17410,26014,12.0,8925180.622323563
LIM,3598,Ranong,Thailand,Phalaborwa,South Africa,309,145,0,8757,17436,26052,12.0,8924953.29846569
SIN,3065,Santa Rosa,Ecuador,Townsville,Australia,196,137,43,8771,17463,26092,12.0,8922217.388568942
ICN,2845,Buenos Aires Jorge,Argentina,Ciudad Constitución,Mexico,319,140,0,8752,17425,26036,12.0,8920051.446111592
SIN,3063,Portoviejo,Ecuador,Okat,Micronesia,342,77,34,8772,17465,26096,12.0,8919923.439341458
HKG,3050,Taltal,Chile,Port Moresby,Papua New Guinea,232,184,0,8742,17406,26008,12.0,8919490.21669209
SIN,3061,Machala,Ecuador,Totegegie,French Polynesia,221,172,11,8776,17473,26107,12.0,8919371.423964255
SYD,2022,Praia da Vitória,Portugal,Izumo,Japan,202,169,20,8746,17414,26020,12.0,8917485.115272041
ICN,2847,San Fernando,Argentina,Ciudad Constitución,Mexico,245,137,27,8743,17408,26011,12.0,8916078.81916738
LIM,3602,Sakon Nakhon,Thailand,Cape Girardeau,United States,336,132,0,8731,17385,25978,12.0,8915851.776239114
LIM,3587,Phitsanulok,Thailand,Kramfors / Sollefteå,Sweden,390,105,0,8727,17378,25967,12.0,8915847.515956089
SIN,3163,Tumbes,Perú,Cairns,Australia,241,179,0,8752,17425,26036,12.0,8914031.297409724
SIN,3062,Manta,Ecuador,Okat,Micronesia,203,135,42,8762,17445,26065,12.0,8913300.400918016
SYD,2021,Horta,Portugal,Magadan,Russia,328,81,36,8767,17456,26082,12.0,8913278.375972947
LIM,3618,Da Lat,Vietnam,Tarawa,Kiribati,387,57,33,8728,17379,25969,12.0,8910003.306134166
HKG,2859,San Miguel de Tucumán,Argentina,Denham,Australia,130,161,49,8765,17452,26075,12.0,8909382.548106022
PEK,2851,Rincon de los Sauces,Argentina,Adak Island,United States,198,126,50,8744,17410,26014,12.0,8908800.057564417
SYD,2020,Santa Cruz da Graciosa,Portugal,Saipan Island,Northern Mariana Islands,204,171,18,8737,17397,25995,12.0,8908685.672880858
SYD,2030,Velas,Portugal,Obihiro,Japan,347,70,37,8759,17439,26057,12.0,8905795.396954162
LIM,3599,Hat Yai,Thailand,Port Mathurin,Mauritius,446,77,0,8715,17352,25929,12.0,8903756.715288145
LIM,3595,Pattani,Thailand,Port Mathurin,Mauritius,360,120,0,8722,17366,25950,12.0,8902642.666612003
LIM,3593,Krabi,Thailand,Port Mathurin,Mauritius,264,168,0,8723,17368,25952,12.0,8901300.777628712
SIN,3127,Tuluá,Colombia,Rouyn-Noranda,Canada,224,188,0,8725,17372,25959,12.0,8900552.945105312
SIN,3171,Tarapoto,Perú,Puerto Natales,Chile,245,177,0,8738,17398,25997,12.0,8899373.288404386
PEK,2852,Zapala,Argentina,Kekaha,United States,210,123,48,8733,17388,25982,12.0,8898554.899253946
LIM,3605,Loei,Thailand,Îles-de-la-Madeleine,Canada,254,173,0,8720,17364,25946,12.0,8898093.872899346
HKG,3172,Tacna,Perú,Tepic,Mexico,406,97,0,8708,17339,25909,12.0,8896476.16415759
LIM,3600,Trang,Thailand,Port Mathurin,Mauritius,467,66,0,8720,17363,25944,12.0,8896334.878718616
ICN,2896,Tres Arroyos,Argentina,Takaroa,French Polynesia,359,120,0,8726,17374,25961,12.0,8895514.860057004
LIM,3611,Buon Ma Thuot,Vietnam,Banana,Kiribati,243,130,32,8739,17400,26000,12.0,8894134.596725387
LIM,3716,Kota Baharu,Malaysia,Port Lincoln,Australia,508,46,0,8703,17330,25896,12.0,8891531.013372108
SIN,3083,Buenaventura,Colombia,Pickle Lake,Canada,421,81,5,8734,17390,25984,12.0,8891355.083570482
SIN,3166,Chachapoyas,Perú,Hobart,Australia,228,133,35,8737,17397,25995,12.0,8889654.789089475
PEK,2898,Mar del Plata,Argentina,Baku,Azerbaijan,301,99,33,8746,17413,26019,12.0,8889144.412668018
SIN,3158,Juanjuí,Perú,Puerto Natales,Chile,366,117,0,8704,17332,25899,12.0,8888774.924851196
LIM,3623,Pleiku,Vietnam,Kamuela,United States,215,192,0,8728,17379,25968,12.0,8886910.299763968
SIN,3120,San José Del Guaviare,Colombia,Paris Orly,France,331,111,15,8738,17398,25997,12.0,8886706.99682739
LIM,3532,Vientiane,Laos,"Albany,NY",United States,400,100,0,8699,17321,25884,12.0,8886301.943418004
GMP,2850,Buenos Aires Int,Argentina,Ciudad Constitución,Mexico,152,141,55,8742,17406,26008,12.0,8885475.173065254
SYD,2018,Santa Cruz das Flores,Portugal,Kiana,United States,281,152,5,8707,17337,25907,12.0,8884891.673137942
SIN,3097,Ibagué,Colombia,Aasiaat,Greenland,256,172,0,8706,17335,25903,12.0,8882916.82997498
HKG,3042,Chañaral,Chile,Gisborne,New Zealand,313,76,45,8709,17342,25914,12.0,8881861.230584614
LIM,3590,Narathiwat,Thailand,Port Mathurin,Mauritius,407,96,0,8716,17356,25934,12.0,8881292.636967612
DKR,2352,Waala,New Caledonia,Stanley,Falkland Islands,305,67,53,8742,17405,26007,12.0,8880568.58446792
LIM,3586,Sukhothai,Thailand,Fagernes,Norway,320,140,0,8698,17319,25880,12.0,8879166.985967653
DKR,1,Honiara,Solomon Islands,Wudalianchi,China,229,157,19,8706,17335,25904,12.0,8877110.965204576
SIN,3076,Armenia,Colombia,Kangiqsujuaq,Canada,369,115,0,8707,17337,25907,12.0,8876045.128445188
HKG,3135,La Paz / El Alto,Bolivia,Dubuque,United States,370,115,0,8691,17307,25862,12.0,8875790.98175926
DEL,3038,Isla De Pascua,Chile,Tokunoshima,Japan,447,76,0,8701,17325,25889,12.0,8875554.399772542
HKG,2857,Santiago del Estero,Argentina,Denham,Australia,216,105,58,8713,17349,25924,12.0,8874914.654847372
SIN,3094,Girardot,Colombia,Kemerovo,Russia,305,147,0,8710,17342,25915,12.0,8874154.205060296
LIM,3614,Nha Trang,Vietnam,Pohnpei Island,Micronesia,418,67,16,8688,17300,25853,12.0,8872900.752337443
SIN,3174,Piura,Perú,Gisborne,New Zealand,230,185,0,8697,17319,25880,12.0,8871876.744531475
LIM,3597,Phuket,Thailand,Port Mathurin,Mauritius,405,97,0,8700,17323,25886,12.0,8871280.493866889
ICN,2983,Pelotas,Brazil,Ísafjörður,Iceland,259,73,65,8706,17334,25903,12.0,8870184.79664375
CDG,2366,Waitangi,New Zealand,Marshall,United States,179,166,29,8734,17391,25986,12.0,8868262.755304346
LIM,3610,Nakhon Phanom,Thailand,Huron,United States,360,101,12,8716,17355,25933,12.0,8866164.91285285
LIM,3594,Songkhla,Thailand,Port Mathurin,Mauritius,230,94,60,8730,17383,25975,12.0,8858647.538141347
DKR,2350,Port Vila,Vanuatu,Santa Ana del Yacuma,Bolivia,334,91,28,8682,17289,25836,12.0,8858043.50498758
SIN,3101,Leticia,Colombia,Gaborone,Botswana,518,41,0,8664,17253,25783,12.0,8857726.608397178
LIM,3588,Tak,Thailand,Sønderborg,Denmark,202,100,66,8697,17318,25879,12.0,8856642.367752055
SIN,3129,Villavicencio,Colombia,Kuusamo,Finland,265,158,6,8697,17318,25878,12.0,8856535.389784673
ICN,2914,Bagé,Brazil,Sydney,Canada,299,150,0,8693,17310,25866,12.0,8855966.890987206
LIM,3601,Udon Thani,Thailand,Smiths Falls,Canada,117,179,41,8729,17380,25970,12.0,8855437.632575154
LIM,3619,Da Nang,Vietnam,San José del Cabo,Mexico,382,109,0,8671,17267,25804,12.0,8854726.120367559
PEK,2903,San Carlos de Bariloche,Argentina,Maupiti,French Polynesia,209,171,16,8699,17322,25884,12.0,8852513.562229268
LIM,3585,Tak Mae Sot,Thailand,Île d'Yeu,France,393,103,0,8683,17291,25839,12.0,8852413.13738516
PEK,2905,Villa Gesell,Argentina,Daloa,Côte dIvoire,226,186,0,8710,17344,25917,12.0,8852208.456832336
PEK,2881,Esquel,Argentina,Yaren District,Nauru,467,66,0,8676,17277,25818,12.0,8850391.73573209
ICN,2841,Gualeguaychu,Argentina,Lovelock,United States,386,103,2,8694,17311,25869,12.0,8846526.207870323
SIN,3111,Pereira,Colombia,Clyde River,Canada,201,199,0,8689,17303,25856,12.0,8844645.348757468
LIM,3724,Kuala Terengganu,Malaysia,Ushuahia,Argentina,308,146,0,8666,17257,25789,12.0,8843864.956162393
LIM,3714,Alor Satar,Malaysia,Puerto Williams,Chile,122,215,16,8682,17287,25834,12.0,8842731.560411386
SIN,3080,Bogota,Colombia,Miquelon,Saint Pierre and Miquelon,277,161,0,8681,17287,25833,12.0,8841664.825175343
PEK,2847,San Fernando,Argentina,Jönköping,Sweden,382,109,0,8658,17241,25766,12.0,8841166.878318047
PEK,2880,Comodoro Rivadavia,Argentina,Bourke,Australia,375,76,24,8677,17278,25820,12.0,8839882.389866656
PEK,2849,El Palomar,Argentina,Halmstad,Sweden,267,159,5,8665,17255,25786,12.0,8839239.074056663
HKG,2856,Catamarca,Argentina,Denham,Australia,213,193,0,8683,17291,25838,12.0,8839071.193517173
SIN,3117,Mariquita,Colombia,Gaspé,Canada,246,177,0,8665,17256,25787,12.0,8838930.719853805
SIN,3009,Tabatinga,Brazil,Fianarantsoa,Madagascar,483,58,0,8662,17249,25778,12.0,8836517.657407522
HKG,3162,Ilo,Perú,San José del Cabo,Mexico,505,47,0,8660,17246,25773,12.0,8836042.83243153
SIN,3152,Chiclayo,Perú,Hobart,Australia,313,70,49,8666,17257,25790,12.0,8835371.486667642
PEK,2897,Santa Teresita,Argentina,Topel,Turkey,191,201,2,8681,17287,25833,12.0,8834897.96006708
ICN,2894,Bahia Blanca,Argentina,Ahe Atoll,French Polynesia,346,127,0,8654,17233,25753,12.0,8834213.98743456
PEK,2855,San Rafael,Argentina,Celaya,Mexico,248,176,0,8660,17245,25771,12.0,8833404.466513677
PEK,2907,Chapelco/San Martin de los Andes,Argentina,Puka Puka,French Polynesia,189,143,41,8702,17328,25893,12.0,8832832.377778316
SIN,3106,Manizales,Colombia,Qikiqtarjuaq,Canada,187,206,0,8678,17280,25823,12.0,8831416.977535712
HKG,3022,Copiapo,Chile,Maroochydore,Australia,248,59,78,8672,17268,25805,12.0,8831045.62395369
PEK,2863,Villa Mercedes,Argentina,Manzanillo,Cuba,255,169,2,8671,17267,25803,12.0,8828933.011417834
PEK,2848,La Plata,Argentina,Grenchen,Switzerland,272,92,48,8662,17249,25778,12.0,8828232.543920832
SIN,3161,Cajamarca,Perú,Hobart,Australia,198,127,49,8683,17290,25838,12.0,8827369.356341781
SIN,3095,Cartago,Colombia,Bulgan,Mongolia,206,163,22,8692,17308,25865,12.0,8827165.297754996
ICN,2901,Pehuajó,Argentina,Hana,United States,232,172,8,8656,17236,25759,12.0,8826053.87156657
SIN,3175,Talara,Perú,Rockhampton,Australia,216,140,34,8690,17304,25858,12.0,8823422.782161498
PEK,2861,Rio Cuarto,Argentina,Sherbrooke,Canada,395,102,0,8647,17220,25735,12.0,8814053.878933175
PEK,3049,Victoria,Chile,Kekaha,United States,257,134,25,8641,17207,25716,12.0,8808919.493712258
PEK,2854,Malargue,Argentina,Unalaska,United States,142,185,29,8664,17253,25783,12.0,8807859.261381386
PEK,2843,Rosario,Argentina,Reykjavík - Keflavik,Iceland,392,98,4,8625,17177,25671,12.0,8805989.416611828
HKG,2858,La Rioja,Argentina,Paraburdoo,Australia,342,118,7,8644,17213,25724,12.0,8805439.738033284
PEK,3045,Temuco,Chile,Kekaha,United States,280,106,36,8637,17200,25705,12.0,8804327.976566652
PEK,2879,El Bolson,Argentina,Majuro Atoll,Marshall Islands,201,89,73,8678,17281,25824,12.0,8802309.819479238
PEK,2845,Buenos Aires Jorge,Argentina,Copenhagen,Denmark,200,105,63,8658,17242,25767,12.0,8799644.63266773
PEK,3046,Puerto Montt,Chile,Abariringa,Kiribati,262,169,0,8627,17179,25675,12.0,8798911.13562761
PEK,2882,Las Heras,Argentina,Inverell,Australia,328,136,0,8619,17164,25652,12.0,8795437.052988794
PEK,2850,Buenos Aires Int,Argentina,Île d'Yeu,France,183,107,67,8672,17268,25805,12.0,8795382.811882362
ICN,2870,Monte Caseros,Argentina,Fort Resolution,Canada,538,31,0,8602,17131,25603,12.0,8792518.416823288
ICN,2843,Rosario,Argentina,Ciudad Constitución,Mexico,223,142,31,8626,17178,25673,12.0,8789435.895199511
PEK,3039,Osorno,Chile,Totegegie,French Polynesia,261,169,0,8631,17188,25687,12.0,8787108.289269364
FRA,2366,Waitangi,New Zealand,Nakashibetsu,Japan,246,76,67,8644,17213,25724,12.0,8786997.678781899
ICN,2997,Santa Maria,Brazil,Gander,Canada,340,109,14,8612,17150,25631,12.0,8786183.125261925
PEK,3048,Chaiten,Chile,Alofi,Niue,268,76,60,8624,17174,25666,12.0,8785154.626475506
ICN,2979,Porto Alegre,Brazil,Egilsstaðir,Iceland,248,176,0,8613,17153,25635,12.0,8783444.138893917
LHR,2366,Waitangi,New Zealand,Burwash,Canada,530,35,0,8594,17115,25580,12.0,8783315.475139432
ICN,3013,Uruguaiana,Brazil,Mansfield,United States,592,4,0,8589,17106,25567,12.0,8782380.346989112
PEK,3181,Montevideo,Uruguay,Annaba,Algeria,292,154,0,8607,17140,25617,12.0,8779874.144169096
ICN,3182,Salto,Uruguay,Glasgow,United States,253,120,35,8646,17218,25731,12.0,8779570.895827247
ICN,2840,Concordia,Argentina,Fayetteville/Springdale/Rogers,United States,316,102,26,8640,17206,25713,12.0,8779472.926734172
PEK,3047,Talca,Chile,Adak Island,United States,364,85,22,8600,17127,25598,12.0,8773650.55115905
HKG,3160,Juliaca,Perú,Quesnel,Canada,405,97,0,8607,17141,25618,12.0,8771979.590058336
PEK,2864,San Luis,Argentina,Baudette,United States,234,125,38,8639,17203,25710,12.0,8769894.387573684
LHR,2367,Dunedin,New Zealand,Taitung City,Taiwan,440,80,0,8586,17100,25558,12.0,8768337.145953732
HKG,3168,Arequipa,Perú,San Jose,United States,383,108,0,8604,17136,25611,12.0,8767342.23468396
DKR,2361,Nouméa Int,New Caledonia,Mount Pleasant,Falkland Islands,248,176,0,8596,17119,25586,12.0,8765122.6957883
PEK,2841,Gualeguaychu,Argentina,Kemi / Tornio,Finland,192,204,0,8597,17122,25590,12.0,8762528.001283236
PEK,2862,Villa Dolores,Argentina,Harrisburg,United States,559,20,0,8587,17102,25561,12.0,8761585.543510173
HKG,3040,Vallenar,Chile,Cunnamulla,Australia,215,78,76,8621,17168,25658,12.0,8758836.93203352
PEK,3051,Valdivia,Chile,Banana,Kiribati,266,82,56,8628,17181,25678,12.0,8757213.44489864
PEK,2887,Puerto Deseado,Argentina,Halls Creek,Australia,289,62,62,8607,17140,25617,12.0,8751949.387773456
ICN,2884,Viedma / Carmen de Patagones,Argentina,Fitiuta Village,American Samoa,285,157,0,8596,17120,25587,12.0,8751777.93657257
ICN,2902,Santa Rosa,Argentina,Kekaha,United States,400,100,0,8570,17069,25512,12.0,8748175.436639765
PEK,3037,Concepcion,Chile,Hana,United States,355,122,0,8588,17103,25563,12.0,8747731.81963261
PEK,3029,Coyhaique,Chile,Nouméa Int,New Caledonia,322,91,32,8579,17087,25538,12.0,8746800.800840065
ICN,2842,Parana,Argentina,Sacramento Executive,United States,187,206,0,8598,17123,25591,12.0,8746599.004855996
PEK,2853,Mendoza,Argentina,Alamosa,United States,295,127,17,8578,17085,25535,12.0,8746561.784840941
ICN,2895,General Pico,Argentina,Lihue,United States,433,83,0,8581,17090,25543,12.0,8746198.87057727
PEK,2892,Perito Moreno,Argentina,Lae,Papua New Guinea,276,162,0,8576,17081,25530,12.0,8746180.714864118
PEK,3027,Chillan,Chile,Hana,United States,204,125,48,8619,17165,25653,12.0,8744469.620073503
HKG,2931,Corumbá,Brazil,Tahoua,Niger,501,49,0,8574,17076,25522,12.0,8743544.320685036
HKG,3070,Asunción,Paraguay,Chiredzi,Zimbabwe,371,114,0,8582,17092,25545,12.0,8742880.740698105
HKG,2865,Corrientes,Argentina,Port Mathurin,Mauritius,229,145,27,8580,17089,25541,12.0,8742202.29480975
ICN,2934,Caxias Do Sul,Brazil,Siglufjörður,Iceland,214,193,0,8575,17078,25526,12.0,8740401.877426853
ICN,2878,Curuzu Cuatia,Argentina,Moline,United States,287,129,18,8574,17075,25522,12.0,8724789.280126829
CDG,2383,Oamaru,New Zealand,Luwok - Celebes Island,Indonesia,193,178,17,8561,17051,25485,12.0,8721165.237906255
HKG,2867,Formosa,Argentina,Durban Virginia,South Africa,205,156,27,8592,17112,25575,12.0,8720534.063907895
TUN,2366,Waitangi,New Zealand,Kampala,Uganda,245,165,8,8569,17067,25510,12.0,8718777.765942551
LHR,2374,Alexandra,New Zealand,Biak-Supiori Island,Indonesia,390,105,0,8541,17012,25428,12.0,8716685.349993363
ICN,2844,Santa Fe,Argentina,Riverside,United States,292,69,56,8585,17098,25555,12.0,8713966.270452736
HKG,3044,La Serena-Coquimbo,Chile,Cooma,Australia,188,140,44,8557,17042,25472,12.0,8711296.451727973
ICN,2869,Paso de los Libres,Argentina,Florence,United States,234,119,42,8583,17094,25550,12.0,8710328.191736035
HKG,3139,Santa Ana del Yacuma,Bolivia,Chevery,Canada,281,142,11,8572,17072,25517,12.0,8707482.603373433
LHR,2365,Christchurch,New Zealand,Vladivostok,Russia,487,56,0,8538,17005,25417,12.0,8703943.171757847
ICN,2981,Passo Fundo,Brazil,Narsarsuaq,Greenland,262,169,0,8537,17004,25416,12.0,8703492.665186537
HKG,2846,Cordoba,Argentina,Denham,Australia,254,125,32,8543,17014,25432,12.0,8702565.571040124
ICN,2977,Santo Ângelo,Brazil,Stephenville,Canada,403,98,0,8541,17011,25427,12.0,8701238.51776342
HKG,2876,Goya,Argentina,Port Mathurin,Mauritius,170,215,0,8542,17013,25429,12.0,8701072.906874446
CDG,2389,Timaru,New Zealand,Xinyuan County,China,297,151,0,8547,17024,25445,12.0,8700528.242685208
LHR,2389,Timaru,New Zealand,Gwangju,South Korea,353,87,24,8547,17024,25446,12.0,8700093.93784345
LHR,2383,Oamaru,New Zealand,Goroka,Papua New Guinea,219,149,27,8571,17070,25514,12.0,8699124.527428325
HKG,2877,Reconquista,Argentina,Port Mathurin,Mauritius,207,196,0,8551,17032,25457,12.0,8697067.549720693
HKG,2860,San Juan,Argentina,Broome,Australia,469,65,0,8527,16983,25386,12.0,8690832.394223977
LHR,2376,Manapouri,New Zealand,Hong Kong,Hong Kong,490,55,0,8510,16950,25336,12.0,8690283.525734445
CDG,2367,Dunedin,New Zealand,Ca Mau City,Vietnam,329,79,37,8556,17041,25471,12.0,8689298.990780171
LHR,2392,Wanaka,New Zealand,Yonaguni Jima,Japan,537,31,0,8521,16972,25369,12.0,8689215.210788809
CDG,2365,Christchurch,New Zealand,Shang-I,Taiwan,307,81,43,8558,17045,25477,12.0,8688826.259925816
ICN,2929,Criciúma,Brazil,Berlevåg,Norway,134,233,0,8531,16992,25399,12.0,8688207.665596506
LHR,2390,Twitzel,New Zealand,Kerema,Papua New Guinea,214,193,0,8522,16974,25372,12.0,8684085.710976716
ICN,2876,Goya,Argentina,Gulfport,United States,206,197,0,8521,16972,25370,12.0,8682428.307854563
HKG,2862,Villa Dolores,Argentina,Denham,Australia,252,174,0,8518,16966,25361,12.0,8682263.237879876
LHR,2386,Queenstown,New Zealand,Pingtung,Taiwan,409,95,0,8519,16969,25365,12.0,8678317.97339612
CDG,2374,Alexandra,New Zealand,Osh,Kyrgyzstan,451,74,0,8515,16961,25353,12.0,8676878.149547284
LHR,2381,Invercargill,New Zealand,Zunyi,China,153,161,41,8554,17038,25466,12.0,8674465.978050267
DLE,2394,Wellington,New Zealand,Hengchung,Taiwan,227,186,0,8526,16981,25383,12.0,8672779.307808083
LHR,2375,Mount Cook,New Zealand,Madang,Papua New Guinea,266,167,0,8504,16938,25320,12.0,8668295.068493547
CDG,2392,Wanaka,New Zealand,Luang Phabang,Laos,338,86,30,8500,16931,25309,12.0,8664003.863772666
CDG,2369,Glentanner Station,New Zealand,Haikou,China,301,85,43,8504,16940,25322,12.0,8663738.648842998
ICN,2877,Reconquista,Argentina,New Iberia,United States,265,137,20,8516,16962,25355,12.0,8661507.577288222
HKG,3173,Puerto Maldonado,Perú,"Ely,MN",United States,296,152,0,8495,16920,25293,12.0,8660678.653185418
CDG,2379,Napier,New Zealand,Yakutsk,Russia,400,100,0,8484,16899,25262,12.0,8656210.978449106
CDG,2386,Queenstown,New Zealand,Imphal,India,260,170,0,8492,16915,25285,12.0,8655290.605797665
CDG,2385,Paraparaumu,New Zealand,Tokoname,Japan,364,102,10,8516,16963,25356,12.0,8654125.958064329
CDG,2394,Wellington,New Zealand,Okayama City,Japan,272,70,62,8530,16991,25397,12.0,8653656.069376264
LHR,2370,Hokitika,New Zealand,Nankoku,Japan,462,69,0,8477,16887,25243,12.0,8653098.41083808
TUN,2368,Gisborne,New Zealand,Maamigili,Maldives,225,160,18,8509,16950,25336,12.0,8652204.439542955
CDG,2380,Nelson,New Zealand,Jeju Island,South Korea,381,109,0,8496,16923,25297,12.0,8651727.676887287
CDG,2381,Invercargill,New Zealand,Allahabad,India,244,161,11,8506,16943,25327,12.0,8651186.602111781
SYD,2023,Funchal,Portugal,Bahir Dar,Ethiopia,335,132,0,8495,16921,25295,12.0,8647487.92370881
ICN,2871,Posadas,Argentina,Quebec,Canada,176,212,0,8488,16907,25274,12.0,8645238.116605725
ICN,2846,Cordoba,Argentina,Adak Island,United States,498,51,0,8467,16866,25213,12.0,8644292.783452317
ICN,2926,Chapecó,Brazil,Narsarsuaq,Greenland,212,194,0,8484,16900,25263,12.0,8643728.259376613
LHR,2394,Wellington,New Zealand,Okat,Micronesia,402,99,0,8470,16872,25222,12.0,8641419.184771502
CDG,2370,Hokitika,New Zealand,Pavlodar,Kazakhstan,271,164,0,8492,16915,25285,12.0,8639926.856300453
LHR,2369,Glentanner Station,New Zealand,Okinoerabujima,Japan,177,94,78,8509,16949,25336,12.0,8638255.359203093
ICN,2960,Lages,Brazil,Höfn,Iceland,274,80,55,8499,16928,25305,12.0,8637901.423301356
HND,2929,Criciúma,Brazil,Puerto Jimenez,Costa Rica,349,125,0,8485,16901,25265,12.0,8637726.033719208
HKG,2986,Ponta Porã,Brazil,Kindu,Congo (Kinshasa),182,109,66,8522,16973,25371,12.0,8637622.236523302
CDG,2391,Blenheim,New Zealand,Choibalsan,Mongolia,244,66,74,8519,16968,25363,12.0,8637608.881744156
ICN,2861,Rio Cuarto,Argentina,Hana,United States,192,185,12,8513,16956,25346,12.0,8637096.400521709
ICN,2863,Villa Mercedes,Argentina,Hana,United States,317,141,0,8486,16904,25269,12.0,8636341.700864758
HKG,2844,Santa Fe,Argentina,Denham,Australia,248,176,0,8477,16886,25243,12.0,8633987.135712232
HKG,2925,Campo Grande,Brazil,Porbandar,India,370,115,0,8464,16860,25204,12.0,8632853.398118071
TUN,2395,Wairoa,New Zealand,Kalgoorlie,Australia,308,96,33,8486,16903,25268,12.0,8630356.66699108
HKG,2878,Curuzu Cuatia,Argentina,Port Mathurin,Mauritius,370,71,29,8481,16894,25255,12.0,8629151.663713321
TUN,2393,Whakatane,New Zealand,Paraburdoo,Australia,435,82,0,8471,16875,25226,12.0,8628781.151564501
HKG,2871,Posadas,Argentina,Mthatha,South Africa,248,74,68,8478,16888,25246,12.0,8628099.500831354
SYD,2028,Vila Baleira,Portugal,Hargeisa,Somalia,263,168,0,8481,16893,25253,12.0,8627546.23970008
LHR,2391,Blenheim,New Zealand,Pohnpei Island,Micronesia,305,83,43,8469,16869,25218,12.0,8626313.041126292
CDG,2397,Westport,New Zealand,Novosibirsk,Russia,353,123,0,8474,16879,25233,12.0,8626175.832633048
CDG,2368,Gisborne,New Zealand,Tiksi,Russia,334,133,0,8460,16852,25193,12.0,8626081.008976651
JFK,3733,Albany,Australia,Tokua,Papua New Guinea,258,171,0,8464,16861,25205,12.0,8625603.40046192
ICN,2941,Florianópolis,Brazil,Brønnøy,Norway,403,98,0,8470,16871,25221,12.0,8625291.722614788
CDG,2398,Wanganui,New Zealand,Sado,Japan,283,158,0,8477,16886,25242,12.0,8624915.677898012
TUN,2379,Napier,New Zealand,Al Ghaidah Intl,Yemen,280,160,0,8462,16857,25199,12.0,8624909.414205166
HND,2941,Florianópolis,Brazil,Abbotsford,Canada,349,125,0,8473,16877,25230,12.0,8624821.903393583
ICN,2866,Resistencia,Argentina,Evansville,United States,456,72,0,8451,16835,25167,12.0,8624718.00966907
ICN,2883,Rawson,Argentina,Nuku'alofa,Tonga,335,132,0,8472,16877,25229,12.0,8623246.66036022
LHR,2385,Paraparaumu,New Zealand,Tiksi,Russia,384,108,0,8452,16837,25170,12.0,8621036.879531197
HKG,2853,Mendoza,Argentina,Broome,Australia,289,91,43,8463,16859,25202,12.0,8619224.557612155
HND,2983,Pelotas,Brazil,Hana,United States,286,94,42,8464,16860,25205,12.0,8618588.169514025
ICN,2885,Puerto Madryn,Argentina,Lifuka,Tonga,231,182,1,8488,16907,25274,12.0,8616618.5774895
LHR,2377,Masterton,New Zealand,Khonuu,Russia,273,81,55,8461,16854,25196,12.0,8613809.640795315
SYD,964,Sta Cruz de la Palma,Spain,Dwangwa,Malawi,359,120,0,8461,16854,25195,12.0,8612831.933454044
HKG,2861,Rio Cuarto,Argentina,Denham,Australia,411,79,10,8458,16849,25188,12.0,8611097.165132796
LHR,2380,Nelson,New Zealand,Monbetsu,Japan,302,125,16,8450,16833,25165,12.0,8610754.324725589
HKG,2869,Paso de los Libres,Argentina,Port Mathurin,Mauritius,351,124,0,8458,16848,25187,12.0,8608522.68850338
HKG,3177,Cusco,Perú,Togiak Village,United States,196,180,14,8483,16897,25259,12.0,8606644.13213494
HKG,2864,San Luis,Argentina,Geraldton,Australia,129,225,7,8455,16842,25178,12.0,8605788.63685988
HND,2979,Porto Alegre,Brazil,San José del Cabo,Mexico,217,170,14,8465,16863,25209,12.0,8605468.675809236
HKG,3017,Vilhena,Brazil,Eskilstuna,Sweden,268,166,0,8444,16821,25148,12.0,8604705.51813416
HND,2976,Navegantes,Brazil,Kamloops,Canada,314,143,0,8440,16813,25135,12.0,8603488.340851268
HKG,2940,Foz Do Iguaçu,Brazil,Ouani,Comoros,405,97,0,8448,16829,25159,12.0,8602064.362189146
HKG,3013,Uruguaiana,Brazil,Port Mathurin,Mauritius,210,117,52,8451,16835,25168,12.0,8599180.75724623
HKG,2870,Monte Caseros,Argentina,Port Mathurin,Mauritius,219,63,85,8454,16840,25176,12.0,8596634.591370758
LHR,2397,Westport,New Zealand,Hachijojima,Japan,224,116,48,8446,16824,25152,12.0,8595656.679170337
HKG,2863,Villa Mercedes,Argentina,Denham,Australia,286,157,0,8432,16797,25111,12.0,8592994.146283187
LHR,2384,Palmerston North,New Zealand,Magadan,Russia,316,142,0,8430,16793,25106,12.0,8592857.04272576
HKG,2945,Guajará-Mirim,Brazil,Makkovik,Canada,378,111,0,8426,16786,25095,12.0,8592824.76755025
SYD,963,El Hierro Island,Spain,Ndola,Zambia,323,138,0,8443,16819,25145,12.0,8591271.527514566
HND,2934,Caxias Do Sul,Brazil,Colima,Mexico,311,144,0,8442,16817,25142,12.0,8589406.517515622
CDG,2376,Manapouri,New Zealand,Kulyab,Tajikistan,237,110,47,8469,16870,25219,12.0,8589144.417525582
HKG,3052,Viña Del Mar,Chile,Whyalla,Australia,372,114,0,8421,16775,25080,12.0,8586868.615571817
ICN,2976,Navegantes,Brazil,Berlevåg,Norway,353,123,0,8435,16803,25121,12.0,8584670.607431404
TUN,2363,Taupo,New Zealand,Leonora,Australia,286,146,7,8437,16808,25127,12.0,8581499.389798231
ICN,2865,Corrientes,Argentina,Manzanillo,Cuba,221,175,9,8456,16844,25181,12.0,8580619.227302432
CDG,2387,Rotorua,New Zealand,Khatanga,Russia,424,61,18,8414,16762,25061,12.0,8579966.92655841
CDG,2378,New Plymouth,New Zealand,Heihe,China,190,205,0,8421,16775,25080,12.0,8574821.795792302
JFK,3855,Perth Int,Australia,Sitka,United States,298,109,28,8418,16771,25073,12.0,8574627.323085679
TUN,2387,Rotorua,New Zealand,Exmouth,Australia,257,151,13,8448,16829,25159,12.0,8574098.554859035
HND,2957,Joinville,Brazil,Chanute,United States,346,127,0,8410,16755,25050,12.0,8573725.560116036
ICN,2868,Puerto Iguazu,Argentina,Goose Bay,Canada,242,179,0,8416,16766,25066,12.0,8573210.074071335
HND,2960,Lages,Brazil,Puerto Barrios,Guatemala,283,158,0,8426,16786,25095,12.0,8570666.280863198
SYD,968,Tenerife Island North,Spain,Mbeya,Tanzania,344,128,0,8405,16744,25034,12.0,8567987.06069359
LHR,2398,Wanganui,New Zealand,Khonuu,Russia,297,123,19,8408,16750,25042,12.0,8565072.62594304
CDG,2371,Hamilton,New Zealand,Wakkanai,Japan,552,24,0,8389,16713,24989,12.0,8564343.999844424
TUN,2377,Masterton,New Zealand,Ataq,Yemen,389,68,25,8401,16737,25023,12.0,8562746.945093378
CDG,2393,Whakatane,New Zealand,Okat,Micronesia,355,122,0,8413,16760,25058,12.0,8561348.181551144
TUN,2388,Tauranga,New Zealand,Agatti Island,India,172,159,36,8444,16821,25146,12.0,8560288.420486826
CDG,2363,Taupo,New Zealand,Yuzhno-Sakhalinsk,Russia,221,136,35,8440,16813,25135,12.0,8559488.08342838
SYD,967,Tenerife Island South,Spain,Lichinga,Mozambique,433,83,0,8402,16739,25027,12.0,8554752.449500393
JFK,3844,Perth Jandakot,Australia,Sitka,United States,273,116,31,8427,16787,25097,12.0,8549709.790381452
LHR,2395,Wairoa,New Zealand,Tarawa,Kiribati,488,56,0,8377,16689,24953,12.0,8547321.38421914
TUN,2362,Auckland,New Zealand,Madurai,India,509,45,0,8388,16711,24985,12.0,8544611.633991208
HND,2914,Bagé,Brazil,Hana,United States,228,186,0,8389,16714,24989,12.0,8542529.480876403
TUN,2364,Manurewa,New Zealand,Abu Dhabi Bateen,United Arab Emirates,269,150,10,8395,16725,25006,12.0,8535100.178517692
TUN,2398,Wanganui,New Zealand,Perth Int,Australia,285,157,0,8390,16714,24990,12.0,8532119.280145772
LHR,2379,Napier,New Zealand,Majuro Atoll,Marshall Islands,176,204,5,8397,16728,25011,12.0,8531713.594674177
TUN,2396,Whangarei,New Zealand,Mumbai,India,407,68,19,8364,16664,24916,12.0,8525269.643755468
FRA,2365,Christchurch,New Zealand,Dipolog City,Philippines,286,148,6,8367,16670,24925,12.0,8522893.866671717
TUN,2371,Hamilton,New Zealand,Paraburdoo,Australia,164,148,46,8410,16755,25050,12.0,8522628.34863688
TUN,2385,Paraparaumu,New Zealand,Ataq,Yemen,208,106,60,8379,16693,24958,12.0,8521834.935293362
CDG,2388,Tauranga,New Zealand,Khatanga,Russia,158,171,33,8393,16720,24998,12.0,8521716.704739926
HND,2916,Curitiba Bacacheri,Brazil,Topeka Regional,United States,483,58,0,8367,16669,24923,12.0,8520402.628307737
TUN,2394,Wellington,New Zealand,Beihan,Yemen,467,66,0,8367,16670,24924,12.0,8519468.250939619
TUN,2378,New Plymouth,New Zealand,Mount Magnet,Australia,270,165,0,8364,16663,24915,12.0,8519340.789086128
HND,2981,Passo Fundo,Brazil,Salinas,Ecuador,162,165,36,8375,16685,24947,12.0,8518505.849889318
HND,2997,Santa Maria,Brazil,San José del Cabo,Mexico,411,94,0,8368,16671,24927,12.0,8516312.654295364
FRA,2394,Wellington,New Zealand,Shanghai Pudong,China,309,141,3,8358,16653,24899,12.0,8515421.874751288
FRA,2367,Dunedin,New Zealand,Rach Gia,Vietnam,282,159,0,8359,16654,24900,12.0,8515040.62393403
LHR,2363,Taupo,New Zealand,Petropavlovsk-Kamchatsky,Russia,312,144,0,8357,16650,24896,12.0,8514729.411956321
FRA,2383,Oamaru,New Zealand,Tuy Hoa,Vietnam,256,124,32,8364,16664,24916,12.0,8513671.50736661
FRA,2377,Masterton,New Zealand,Manus Island,Papua New Guinea,393,103,0,8366,16667,24921,12.0,8513536.390232839
LHR,2368,Gisborne,New Zealand,Tabiteuea North,Kiribati,201,189,7,8362,16660,24911,12.0,8511992.187555054
LHR,2378,New Plymouth,New Zealand,Okat,Micronesia,306,147,0,8355,16645,24888,12.0,8511974.369364997
HND,2932,Curitiba Alfons Pena,Brazil,Grand Island,United States,281,138,14,8373,16682,24942,12.0,8511913.550547024
HND,3001,Guarujá,Brazil,Sint Eustatius,Caribbean Netherlands,331,134,0,8367,16670,24924,12.0,8510875.377580654
SYD,965,Gran Canaria Island,Spain,Mbeya,Tanzania,244,178,0,8356,16648,24892,12.0,8509384.877572801
HND,2992,Rio De Janeiro Santos D.,Brazil,Chevery,Canada,148,190,24,8360,16656,24904,12.0,8503805.157484084
HND,2948,Guaratinguetá,Brazil,Alma,Canada,546,27,0,8332,16601,24823,12.0,8502689.224228978
HND,2922,Cabo Frio,Brazil,St. John's,Canada,293,153,0,8361,16659,24908,12.0,8502245.95057738
HND,2944,Rio De Janeiro Int,Brazil,Iqaluit,Canada,192,174,20,8355,16645,24888,12.0,8501512.178412765
TUN,2372,Kerikeri,New Zealand,Dumai-Sumatra Island,Indonesia,336,132,0,8342,16621,24852,12.0,8500371.69850645
FRA,2391,Blenheim,New Zealand,Hefei,China,328,136,0,8341,16619,24849,12.0,8498782.365207147
HND,2995,São José Dos Campos,Brazil,Rutland,United States,266,167,0,8342,16621,24853,12.0,8495969.508323895
DKR,3751,Mackay,Australia,Ndola,Zambia,588,6,0,8296,16530,24719,12.0,8495249.395177236
FRA,2379,Napier,New Zealand,Tokushima,Japan,370,115,0,8335,16607,24832,12.0,8494936.788459202
FRA,2370,Hokitika,New Zealand,Surallah,Philippines,472,64,0,8300,16539,24732,12.0,8492535.70699653
HND,2905,Villa Gesell,Argentina,Isla De Pascua,Chile,462,69,0,8325,16587,24803,12.0,8489893.755476536
GMP,3070,Asunción,Paraguay,Cambridge Bay,Canada,194,132,47,8362,16661,24911,12.0,8489697.125652175
HND,2955,Juiz De Fora F. de Assis,Brazil,Chevery,Canada,338,131,0,8304,16547,24743,12.0,8488767.054371359
DKR,3746,Hamilton Island,Australia,Dwangwa,Malawi,368,116,0,8302,16542,24736,12.0,8488241.015543474
FRA,2375,Mount Cook,New Zealand,Haiphong,Vietnam,302,149,0,8305,16548,24746,12.0,8487405.791701987
FRA,2389,Timaru,New Zealand,Almaty,Kazakhstan,227,174,8,8352,16640,24880,12.0,8486916.57720552
FRA,2392,Wanaka,New Zealand,Vientiane,Laos,306,147,0,8303,16543,24738,12.0,8485260.65624479
LAX,834,St Denis,Réunion,Ronneby,Sweden,330,135,0,8300,16539,24732,12.0,8483983.196062684
FRA,2368,Gisborne,New Zealand,Heihe,China,378,111,0,8324,16586,24801,12.0,8483787.858747322
HND,2999,São Paulo Congonhas,Brazil,Oshawa,Canada,229,185,0,8347,16630,24867,12.0,8482898.111411992
DXB,3038,Isla De Pascua,Chile,Mariscal Estigarribia,Paraguay,472,64,0,8317,16572,24781,12.0,8481994.402972829
HND,3181,Montevideo,Uruguay,Kailua/Kona,United States,329,91,29,8359,16653,24900,12.0,8481341.087452907
HND,2930,Campos Dos Goytacazes,Brazil,Kangerlussuaq,Greenland,542,29,0,8312,16561,24765,12.0,8480891.414427549
FRA,2384,Palmerston North,New Zealand,Jeju Island,South Korea,263,165,2,8341,16618,24848,12.0,8478312.24606183
TUN,2391,Blenheim,New Zealand,Beihan,Yemen,218,158,22,8331,16600,24821,12.0,8478063.122269886
HND,2947,São Paulo Guarulhos,Brazil,Binghamton,United States,277,128,22,8342,16620,24851,12.0,8477153.746117579
HND,3178,Ponta Grossa,Brazil,El Banco,Colombia,362,102,11,8334,16605,24829,12.0,8475841.699772203
JFK,3785,Esperance,Australia,Portland Hillsboro,United States,258,171,0,8296,16530,24718,12.0,8475075.856310628
LHR,2371,Hamilton,New Zealand,Petropavlovsk-Kamchatsky,Russia,466,67,0,8310,16558,24759,12.0,8474105.550170202
LHR,2388,Tauranga,New Zealand,Srednekolymsk,Russia,368,75,27,8306,16550,24749,12.0,8472707.329635235
HND,3008,Telêmaco Borba,Brazil,Sheridan,United States,374,113,0,8287,16512,24692,12.0,8472481.943090316
FRA,2381,Invercargill,New Zealand,Na Thon (Ko Samui Island),Thailand,422,89,0,8310,16557,24759,12.0,8471256.720975135
HND,2926,Chapecó,Brazil,"Lancaster,CA",United States,353,111,8,8329,16595,24815,12.0,8470390.867584702
DKR,3757,Rockhampton,Australia,Malamala,South Africa,232,184,0,8293,16524,24710,12.0,8470221.24047168
DKR,3791,Gladstone,Australia,Gaborone,Botswana,269,165,0,8305,16549,24746,12.0,8469938.131977092
CDG,2362,Auckland,New Zealand,Obihiro,Japan,377,85,17,8342,16621,24853,12.0,8468600.785761897
HND,3020,Juiz de Fora Itamar Fr.,Brazil,Hopedale,Canada,202,199,0,8293,16524,24710,12.0,8468397.527563445
FRA,2385,Paraparaumu,New Zealand,Beijing Daxing,China,275,118,29,8348,16632,24868,12.0,8466514.483735068
LAX,811,Port Louis,Mauritius,Kursk,Russia,336,132,0,8309,16555,24756,12.0,8464842.004897563
TUN,2380,Nelson,New Zealand,Ataq,Yemen,284,158,0,8311,16560,24762,12.0,8464044.16302031
FRA,2398,Wanganui,New Zealand,Krasnoyarsk,Russia,242,179,0,8313,16564,24769,12.0,8463600.96148323
FRA,2395,Wairoa,New Zealand,Mudanjiang,China,245,177,0,8327,16592,24810,12.0,8463060.299729722
LHR,2387,Rotorua,New Zealand,Srednekolymsk,Russia,221,189,0,8328,16593,24812,12.0,8462317.882019628
HND,2898,Mar del Plata,Argentina,Banana,Kiribati,197,201,0,8302,16542,24736,12.0,8462022.250534736
LHR,2393,Whakatane,New Zealand,Majuro Atoll,Marshall Islands,315,142,0,8322,16582,24794,12.0,8461992.651872966
FRA,2386,Queenstown,New Zealand,Phrae,Thailand,214,97,64,8294,16527,24714,12.0,8460860.457762938
TUN,2373,Kaitaia,New Zealand,Aurangabad,India,417,91,0,8315,16569,24775,12.0,8460854.138117675
FRA,2397,Westport,New Zealand,Lanzhou,China,218,164,18,8287,16513,24693,12.0,8460535.058597354
SYD,962,Fuerteventura Island,Spain,Maroantsetra,Madagascar,216,192,0,8311,16559,24762,12.0,8459519.696521897
HND,2897,Santa Teresita,Argentina,Nuku Hiva,French Polynesia,272,148,10,8337,16612,24839,12.0,8457926.587204969
FRA,2390,Twitzel,New Zealand,Bathurst Island,Australia,311,144,0,8317,16572,24780,12.0,8456385.453509172
DKR,3763,Bundaberg,Australia,Queenstown,South Africa,465,67,0,8308,16554,24754,12.0,8456117.610263627
FRA,2393,Whakatane,New Zealand,Vladivostok,Russia,364,118,0,8272,16483,24650,12.0,8455882.112724984
FRA,2369,Glentanner Station,New Zealand,Sandakan,Malaysia,188,206,0,8309,16555,24756,12.0,8455617.832273519
HND,3003,Taubaté,Brazil,Hamilton,Bermuda,268,108,38,8339,16615,24843,12.0,8455306.48178917
FRA,2380,Nelson,New Zealand,Linfen,China,297,151,0,8317,16571,24779,12.0,8455273.492161267
HND,2967,Macaé,Brazil,Nuuk,Greenland,158,193,18,8342,16620,24851,12.0,8454436.433043743
FRA,2363,Taupo,New Zealand,Izumo,Japan,322,101,25,8289,16516,24699,12.0,8451991.261473706
SYD,966,Lanzarote Island,Spain,Kampala,Uganda,335,132,0,8311,16560,24763,12.0,8451363.338479575
FRA,2387,Rotorua,New Zealand,Yanji,China,346,127,0,8268,16475,24638,12.0,8450505.755420825
HND,2959,Campinas,Brazil,Baltimore Martin S.,United States,193,121,55,8311,16559,24761,12.0,8449667.42624909
HND,3016,Varginha,Brazil,Charlevoix,Canada,260,170,0,8272,16483,24650,12.0,8449624.233674815
HND,2980,Poços De Caldas,Brazil,Glens Falls,United States,543,28,0,8268,16475,24637,12.0,8446730.394120181
HND,2977,Santo Ângelo,Brazil,San José del Cabo,Mexico,223,188,0,8312,16563,24767,12.0,8445850.776879182
DKR,3,Yaren District,Nauru,Nuuk,Greenland,365,86,21,8265,16469,24629,12.0,8445344.358867722
LHR,2362,Auckland,New Zealand,Magadan,Russia,262,169,0,8265,16469,24628,12.0,8442242.911372768
DKR,3797,Hervey Bay,Australia,Port Elizabeth,South Africa,175,212,0,8311,16559,24762,12.0,8441212.364317574
FRA,2376,Manapouri,New Zealand,Leh,India,175,178,23,8272,16483,24649,12.0,8441094.919336049
CDG,2396,Whangarei,New Zealand,Kushiro,Japan,221,189,0,8280,16499,24672,12.0,8440211.565390147
DKR,3756,Proserpine,Australia,Dwangwa,Malawi,177,211,0,8282,16504,24680,12.0,8440064.078282818
DKR,2306,Nadi,Fiji,Jaén,Perú,287,156,0,8275,16488,24657,12.0,8438529.026309697
HND,2848,La Plata,Argentina,Kailua/Kona,United States,257,69,68,8285,16510,24689,12.0,8437516.293239536
FRA,2374,Alexandra,New Zealand,Ujung Pandang-Celebes Island,Indonesia,286,105,34,8318,16573,24782,12.0,8434644.61492763
HND,2849,El Palomar,Argentina,Kailua/Kona,United States,318,141,0,8254,16449,24599,12.0,8434052.22762166
HND,2845,Buenos Aires Jorge,Argentina,Kailua/Kona,United States,178,211,0,8262,16463,24620,12.0,8433764.388820568
JFK,3789,Geraldton,Australia,Galena,United States,204,170,18,8319,16576,24787,12.0,8433410.201720094
HND,2850,Buenos Aires Int,Argentina,Kailua/Kona,United States,214,193,0,8259,16458,24612,12.0,8432965.984265413
FRA,2378,New Plymouth,New Zealand,Jeju Island,South Korea,241,157,15,8257,16453,24606,12.0,8430163.063225282
DKR,3750,Maroochydore,Australia,Langebaanweg,South Africa,246,154,15,8269,16477,24640,12.0,8427651.89177278
HND,3019,Pirassununga,Brazil,Muskoka,Canada,329,126,6,8261,16462,24618,12.0,8425626.401304001
DKR,3877,Biloela,Australia,Newcastle,South Africa,239,180,0,8264,16467,24626,12.0,8424095.77250231
TUN,2397,Westport,New Zealand,Ataq,Yemen,509,45,0,8248,16435,24579,12.0,8423181.126107898
GMP,3031,Santiago,Chile,Hana,United States,225,187,0,8263,16466,24624,12.0,8422495.45375714
HND,2900,Necochea,Argentina,Puka Puka,French Polynesia,389,105,0,8252,16444,24592,12.0,8420409.460790025
JFK,3828,Mount Magnet,Australia,Teslin,Canada,600,0,0,8221,16383,24502,12.0,8415175.021150794
DKR,3739,Brisbane,Australia,Cape Town,South Africa,519,40,0,8239,16419,24555,12.0,8414173.35478376
HND,2962,Londrina,Brazil,Pincher Creek,Canada,376,73,26,8235,16411,24543,12.0,8413407.675043078
FRA,2388,Tauranga,New Zealand,Fukui,Japan,353,123,0,8247,16435,24578,12.0,8413101.909921784
DKR,3830,Moranbah,Australia,Morombe,Madagascar,356,122,0,8232,16405,24534,12.0,8412779.623978173
HND,2919,Bauru,Brazil,North Caicos,Turks and Caicos Islands,417,85,4,8243,16427,24567,12.0,8411954.79279976
DKR,3868,Burnt Pine,Norfolk Island,Stanley,Falkland Islands,277,161,0,8250,16439,24585,12.0,8410906.471090045
FRA,2371,Hamilton,New Zealand,Izumo,Japan,443,78,0,8237,16415,24550,12.0,8407591.170092635
HND,2923,Cascavel,Brazil,Ciudad del Carmen,Mexico,280,160,0,8230,16401,24528,12.0,8406202.863763772
HND,2841,Gualeguaychu,Argentina,Hana,United States,395,102,0,8238,16417,24553,12.0,8405858.400434121
CDG,2372,Kerikeri,New Zealand,Obihiro,Japan,446,73,2,8250,16440,24587,12.0,8405681.66639359
HND,2993,Ribeirão Preto,Brazil,Reading,United States,546,27,0,8215,16371,24485,12.0,8405540.081653016
HND,2904,Tandil,Argentina,Isla De Pascua,Chile,174,159,36,8239,16419,24555,12.0,8404448.632901238
DKR,3740,Gold Coast,Australia,Cape Town,South Africa,414,93,0,8218,16376,24492,12.0,8400758.843948057
HND,3013,Uruguaiana,Brazil,Hana,United States,453,71,1,8244,16429,24570,12.0,8397807.639349988
SYD,983,El Aaiún,Western Sahara,Pemba / Porto Amelia,Mozambique,251,145,19,8256,16451,24602,12.0,8397771.64978051
LHR,2364,Manurewa,New Zealand,Magadan,Russia,214,54,92,8267,16474,24636,12.0,8396819.469279394
TUN,2365,Christchurch,New Zealand,Djibouti City,Djibouti,216,155,24,8256,16452,24604,12.0,8395260.24897791
DKR,3761,Townsville,Australia,Kindu,Congo (Kinshasa),465,67,0,8223,16386,24507,12.0,8393772.961615743
JFK,3846,Kalgoorlie,Australia,Port Hardy,Canada,218,191,0,8219,16380,24497,12.0,8391088.695716204
TUN,2370,Hokitika,New Zealand,Hodeida,Yemen,266,167,0,8215,16371,24485,12.0,8389212.080821913
CDG,2373,Kaitaia,New Zealand,Sabetta,Russia,161,186,22,8232,16404,24533,12.0,8382226.00104148
SYD,975,Tan Tan,Morocco,Nairobi Int,Kenya,208,196,0,8206,16353,24459,12.0,8376164.219343355
DKR,3752,Ballina,Australia,Cape Town,South Africa,470,65,0,8191,16325,24417,12.0,8375100.635135699
DKR,3784,Emerald,Australia,Chiredzi,Zimbabwe,270,165,0,8201,16344,24445,12.0,8374665.234592786
DKR,3765,Toowoomba,Australia,Vredendal,South Africa,336,132,0,8197,16336,24432,12.0,8374190.997990564
DKR,3774,Clermont,Australia,Tôlanaro,Madagascar,308,146,0,8198,16338,24436,12.0,8373636.155703458
DKR,3762,Blackwater,Australia,Kasane,Botswana,304,144,2,8224,16390,24512,12.0,8369889.47647349
DKR,3754,Oakey,Australia,Kleinsee,South Africa,423,88,0,8201,16343,24444,12.0,8367771.714955084
FRA,2364,Manurewa,New Zealand,Shirahama,Japan,507,46,0,8195,16333,24428,12.0,8366315.162978072
DKR,3742,Cairns,Australia,Kitale,Kenya,222,189,0,8196,16333,24429,12.0,8366219.475798826
LHR,2396,Whangarei,New Zealand,Magadan,Russia,175,157,37,8202,16345,24447,12.0,8364771.76029746
FRA,2362,Auckland,New Zealand,Changchun,China,252,174,0,8191,16324,24415,12.0,8362926.950656461
SYD,2029,Lisbon,Portugal,Keshod,India,414,93,0,8182,16307,24390,12.0,8362652.32765522
DKR,3770,Chinchilla,Australia,Upington,South Africa,455,72,0,8190,16323,24414,12.0,8358003.040677004
JFK,3866,Denham,Australia,Utqiaġvik,United States,389,82,15,8210,16362,24471,12.0,8357911.675118324
DKR,3810,Lismore,Australia,Cape Town,South Africa,515,42,0,8185,16312,24397,12.0,8355747.4938690765
TUN,2309,Nuku'alofa,Tonga,Khonuu,Russia,154,148,50,8194,16330,24424,12.0,8353495.51520729
TUN,2389,Timaru,New Zealand,Hargeisa,Somalia,177,211,0,8199,16340,24439,12.0,8351655.29319009
DKR,18,Port Moresby,Papua New Guinea,Marudi,Malaysia,228,131,36,8215,16372,24486,12.0,8351031.78609264
TUN,2383,Oamaru,New Zealand,Dire Dawa,Ethiopia,447,76,0,8182,16307,24391,12.0,8348961.457208304
SYD,2026,Portimão,Portugal,Doha,Qatar,363,72,31,8172,16287,24361,12.0,8344749.266073253
DKR,2308,Lambasa,Fiji,Manta,Ecuador,238,122,39,8194,16330,24424,12.0,8344324.571996916
DKR,3773,Cooktown,Australia,Mogadishu,Somalia,264,168,0,8172,16287,24361,12.0,8343414.420990282
DKR,12,Kavieng,Papua New Guinea,Elista,Russia,259,121,33,8171,16284,24357,12.0,8337264.539807546
SYD,974,Agadir,Morocco,Mahe Island,Seychelles,443,78,0,8169,16281,24352,12.0,8334783.440800602
LHR,2372,Kerikeri,New Zealand,Yaren District,Nauru,293,153,0,8174,16291,24366,12.0,8331731.13681717
LHR,2373,Kaitaia,New Zealand,Tiksi,Russia,298,151,0,8159,16262,24323,12.0,8331628.598230708
JFK,3818,Meekatharra,Australia,Seward,United States,600,0,0,8143,16229,24276,12.0,8331153.704820545
TUN,2375,Mount Cook,New Zealand,Asab,Eritrea,129,162,49,8171,16286,24359,12.0,8328392.778075932
JFK,3766,Carnarvon,Australia,Rishiri,Japan,202,175,16,8162,16268,24332,12.0,8327328.107564295
